{"cameraMode":{"drawMode":0,"name":"Shaded","section":"Shading Mode"},"sceneLighting":true,"audioPlay":false,"sceneViewState":{"showFog":true,"showMaterialUpdate":true,"showSkybox":true,"showFlares":true,"showImageEffects":true,"showParticleSystems":true},"in2DMode":false,"pivot":{"x":2.349435806274414,"y":6.618345260620117,"z":7.85539436340332},"rotation":{"x":-0.13174423575401307,"y":-0.4999891221523285,"z":0.07723702490329743,"w":-0.8525046110153198},"size":37.3536376953125,"orthographic":false}